vdcc,pr1,pr2,p11,ntrials,vdcc_influx_ap1_mean,vdcc_influx_ap1_cv,vdcc_influx_ap2_mean,vdcc_influx_ap2_cv
40,0.00375,0.06625,0.0,800,3268.82125,0.08072036534054126,6543.51875,0.05843650323137162
45,0.01125,0.08,0.22222222222222224,800,3690.445,0.0800328046950659,7383.30875,0.05600031434279454
50,0.0175,0.1275,0.21428571428571425,800,4070.87375,0.07932677050500149,8146.8525,0.0553963334441639
55,0.02,0.18625,0.375,800,4492.31875,0.07225590623547401,8977.47625,0.05194424712438154
60,0.02375,0.16625,0.368421052631579,800,4918.96125,0.06817397618991346,9818.856777493605,0.04907750159931817
65,0.035,0.2725,0.46428571428571425,800,5315.6475,0.06705242771809061,10621.93625,0.048428809183763855
70,0.05125,0.33125,0.4634146341463415,800,5734.13125,0.06574744901147897,11451.36862244898,0.04696390340016692
72,nan,nan,nan,0,nan,nan,nan,nan
75,0.08875,0.5475,0.6056338028169014,800,6108.75875,0.06264244741835372,12232.8525,0.04532062947823301
80,0.1175,0.52375,0.648936170212766,800,6513.2425,0.059768805021501975,13041.717391304348,0.04232656719928111
85,0.1725,0.67375,0.6449275362318841,800,6924.92375,0.059320220034262905,13840.42375,0.042209144576412366
90,0.24625,0.62875,0.8071065989847717,800,7353.19625,0.056530526763003186,14695.966165413534,0.04034604880185367
92,nan,nan,nan,0,nan,nan,nan,nan
95,0.22625,0.6225,0.8397790055248618,800,7746.305,0.05539891955827652,15508.1125,0.03831719972151893
98,nan,nan,nan,0,nan,nan,nan,nan
100,0.3125,0.66875,0.9039999999999999,800,8157.48125,0.054379693465528726,16341.992471769134,0.03849556002337458
102,nan,nan,nan,0,8299.26,0.05357565425647205,16621.89125,0.03801880434051636
103,nan,nan,nan,0,8368.79,0.055795006358461866,16819.024,0.040926049872108496
105,0.42,0.81125,0.8958333333333333,800,8585.27125,0.053949701395688804,17121.18375,0.039233234545929856
106,0.39125,0.7475,0.9201277955271565,800,8628.5625,0.05340677882585803,17301.55852417303,0.03686439103416717
108,nan,nan,nan,0,nan,nan,nan,nan
109,nan,nan,nan,0,nan,nan,nan,nan
110,0.01375,0.01625,1.0,800,8982.08625,0.05491104162123586,18061.203703703704,0.03913908746617202
111,nan,nan,nan,0,nan,nan,nan,nan
112,nan,nan,nan,0,nan,nan,nan,nan
115,0.545,0.87375,0.944954128440367,800,9382.3,0.05069076757949644,18771.685,0.03634838923301043
120,0.62875,0.8775,0.9721669980119283,800,9782.23875,0.0504257516696023,19581.345,0.035233974977215095
122,0.7,0.96,0.9660714285714287,800,9964.91,0.04845863840905735,19932.70125,0.03499315763669753
125,0.69625,0.91125,0.9694793536804309,800,10204.24,0.047247676726132684,20396.86125,0.035158380135308594
130,0.71625,0.85,0.9703315881326351,800,10576.33625,0.050690591428728934,21182.23027989822,0.034744160233701686
135,0.74625,0.83625,0.9815745393634842,800,11031.09125,0.04763563571610322,22063.03924050633,0.03291019698993428
145,0.89,0.925,0.9817415730337079,800,11811.85125,0.04352474344506916,23664.42748091603,0.030961192782377505
155,0.945,0.95875,0.9814814814814815,800,12646.28375,0.042025158069180724,25296.7040302267,0.031389524891049486
190,nan,nan,nan,0,15497.090791180286,0.03905554127522037,nan,nan
